epoch,avg_score,avg_score_bin,success_rate
0,0.5474263355135918,0.5,0.47058823529411764
1,0.6924522221088409,0.5,0.47058823529411764
2,0.24540532380342484,0.0,0.47058823529411764
